{"LEFT_CHEEK":{"x":294.54938,"y":999.557},"LEFT_EAR":{"x":369.693,"y":951.9225},"LEFT_EYE":{"x":305.31723,"y":890.55695},"MOUTH_BOTTOM":{"x":335.07516,"y":1080.9861},"MOUTH_LEFT":{"x":321.30377,"y":1055.0793},"MOUTH_RIGHT":{"x":400.2103,"y":1043.8788},"NOSE_BASE":{"x":284.5368,"y":942.87726},"RIGHT_CHEEK":{"x":451.7572,"y":967.14233},"RIGHT_EAR":{"x":667.7819,"y":943.8522},"RIGHT_EYE":{"x":417.2251,"y":853.8773}}