{"L":{"avg":92.53662,"count":137,"max":97.94935,"min":88.62096,"sum":12677.517,"validated":0.0},"R":{"avg":94.90042,"count":137,"max":99.22404,"min":90.705124,"sum":13001.357,"validated":0.0},"earLandmarkPosition":{"x":667.7819,"y":943.8522},"earMeshPosition":{"x":-0.08081284,"y":0.026465088},"earOrgDepth":-0.022553056,"earTrDepth":-0.59296656,"faceAngleArray":[-14.491861,50.593086,-10.948068],"faceDistance":63.1,"faceMeshEarArray":[-0.08081284,0.026465088,-0.022553056],"faceMeshNoseArray":[0.0035235882,0.03104505,0.04952562],"faceTransArray":[0.040561873,0.014671426,-0.63095],"focalLength":1469.7957,"imageHeight":1967,"imageWidth":1080,"noseBridgeWidth":35.149994,"noseEndPiece1Array":[0.020520896,0.026598677,0.037083417],"noseEndPiece2Array":[-0.014583528,0.024999365,0.037885755],"noseMeshPoistion":{"x":0.0035235882,"y":0.03104505},"noseOrgDepth":0.04952562,"noseTrDepth":-0.61260635,"templeLength":99.22404}