{"LEFT_CHEEK":{"x":235.8533,"y":982.84204},"LEFT_EAR":{"x":329.57275,"y":930.9149},"LEFT_EYE":{"x":256.71786,"y":857.6156},"MOUTH_BOTTOM":{"x":274.1561,"y":1081.0259},"MOUTH_LEFT":{"x":257.414,"y":1040.2667},"MOUTH_RIGHT":{"x":352.47827,"y":1037.8416},"NOSE_BASE":{"x":218.49214,"y":923.37994},"RIGHT_CHEEK":{"x":418.3292,"y":956.2516},"RIGHT_EAR":{"x":658.2219,"y":937.71436},"RIGHT_EYE":{"x":384.09177,"y":821.30115}}