{"L":{"avg":94.30193,"count":420,"max":108.15544,"min":88.069756,"sum":39606.812,"validated":0.0},"R":{"avg":94.96231,"count":420,"max":102.93228,"min":88.21939,"sum":39884.17,"validated":0.0},"earLandmarkPosition":{"x":658.2219,"y":937.71436},"earMeshPosition":{"x":-0.0818595,"y":0.025216028},"earOrgDepth":-0.021208614,"earTrDepth":-0.5020807,"faceAngleArray":[-13.602425,50.06651,-7.8625503],"faceDistance":54.3,"faceMeshEarArray":[-0.0818595,0.025216028,-0.021208614],"faceMeshNoseArray":[0.0034354925,0.030975208,0.04947804],"faceTransArray":[0.04707721,0.019202866,-0.5430824],"focalLength":1469.7957,"imageHeight":1967,"imageWidth":1080,"noseBridgeWidth":34.633915,"noseEndPiece1Array":[0.02034825,0.02659528,0.03735161],"noseEndPiece2Array":[-0.014247417,0.025021374,0.037764728],"noseMeshPoistion":{"x":0.0034354925,"y":0.030975208},"noseOrgDepth":0.04947804,"noseTrDepth":-0.52315634,"templeLength":97.920876}