{"LEFT_CHEEK":{"x":549.7888,"y":1129.3851},"LEFT_EAR":{"x":313.07086,"y":1017.23987},"LEFT_EYE":{"x":609.8177,"y":1010.05914},"MOUTH_BOTTOM":{"x":636.80786,"y":1276.5729},"MOUTH_LEFT":{"x":584.96533,"y":1225.126},"MOUTH_RIGHT":{"x":656.67944,"y":1238.147},"NOSE_BASE":{"x":721.9194,"y":1142.7139},"RIGHT_CHEEK":{"x":687.11224,"y":1170.935},"RIGHT_EAR":{"x":602.82416,"y":1122.1438},"RIGHT_EYE":{"x":685.35095,"y":1033.2041}}