{"L":{"avg":94.39688,"count":351,"max":108.15544,"min":88.62096,"sum":33133.305,"validated":0.0},"R":{"avg":94.880554,"count":351,"max":102.93228,"min":88.21939,"sum":33303.074,"validated":0.0},"earLandmarkPosition":{"x":313.07086,"y":1017.23987},"earMeshPosition":{"x":-0.06654075,"y":0.023630496},"earOrgDepth":-0.01374197,"earTrDepth":-0.60649365,"faceAngleArray":[-4.734209,-52.151764,13.181729],"faceDistance":54.3,"faceMeshEarArray":[-0.06654075,0.023630496,-0.01374197],"faceMeshNoseArray":[-4.646182E-5,0.033088293,0.05205497],"faceTransArray":[-0.004784957,-0.039536916,-0.54270315],"focalLength":1469.7957,"imageHeight":1967,"imageWidth":1080,"noseBridgeWidth":31.817347,"noseEndPiece1Array":[0.014636546,0.02810878,0.04082328],"noseEndPiece2Array":[-0.017116636,0.027530689,0.038888156],"noseMeshPoistion":{"x":-4.646182E-5,"y":0.033088293},"noseOrgDepth":0.05205497,"noseTrDepth":-0.5164255,"templeLength":93.473206}