{"LEFT_CHEEK":{"x":484.2425,"y":1097.1758},"LEFT_EAR":{"x":248.5593,"y":1001.6881},"LEFT_EYE":{"x":545.18365,"y":976.3926},"MOUTH_BOTTOM":{"x":581.81116,"y":1252.3323},"MOUTH_LEFT":{"x":518.5225,"y":1186.3816},"MOUTH_RIGHT":{"x":602.25714,"y":1204.9192},"NOSE_BASE":{"x":663.32465,"y":1100.8362},"RIGHT_CHEEK":{"x":627.5157,"y":1141.3955},"RIGHT_EAR":{"x":529.6396,"y":1091.7537},"RIGHT_EYE":{"x":629.81384,"y":1003.50684}}