{"L":{"avg":93.99916,"count":273,"max":108.15544,"min":88.62096,"sum":25661.771,"validated":0.0},"R":{"avg":95.68132,"count":273,"max":102.93228,"min":90.705124,"sum":26121.0,"validated":0.0},"earLandmarkPosition":{"x":248.5593,"y":1001.6881},"earMeshPosition":{"x":-0.065708995,"y":0.027218547},"earOrgDepth":-0.016395599,"earTrDepth":-0.64980614,"faceAngleArray":[-3.5803156,-50.75078,12.458393],"faceDistance":58.6,"faceMeshEarArray":[-0.065708995,0.027218547,-0.016395599],"faceMeshNoseArray":[-5.104244E-4,0.03309558,0.051627755],"faceTransArray":[0.01329573,-0.029207738,-0.5855078],"focalLength":1469.7957,"imageHeight":1967,"imageWidth":1080,"noseBridgeWidth":31.329643,"noseEndPiece1Array":[0.014388412,0.028343532,0.040128946],"noseEndPiece2Array":[-0.016883671,0.027371999,0.038498133],"noseMeshPoistion":{"x":-5.104244E-4,"y":0.03309558},"noseOrgDepth":0.051627755,"noseTrDepth":-0.5580069,"templeLength":95.276764}